source_id,url,title,domain,country,category,subcategory,query,priority,status,content_type,file_type,download_path,error,corpus_path,extract_status,extract_error
28c1fbb6cd63,https://eta-publications.lbl.gov/publications/2024-united-states-data-center-energy,2024 United States Data Center Energy Usage Report,eta-publications.lbl.gov,US,data_center,energy usage,LBNL data center energy usage report,high,http_404,text/html; charset=UTF-8,html,,HTTP 404,,skipped,
2cc6ef6a5591,https://www.eia.gov/todayinenergy/detail.php?id=62084,Electricity demand and data centers,EIA,US,power,electricity demand,EIA data center electricity demand,high,downloaded,text/html; charset=UTF-8,html,downloads/2cc6ef6a5591.html,,corpus_text/2cc6ef6a5591.txt,extracted,
cd37a536c81d,https://www.nrel.gov/grid/renewable-portfolio-standards.html,Renewable portfolio standards,NREL,US,power,renewable policy,NREL renewable portfolio standards,medium,http_404,text/html; charset=utf-8,html,,HTTP 404,,skipped,
1d1075a557aa,https://www.commerce.gov/news,Department of Commerce news,commerce.gov,US,government,industrial policy,Commerce advanced manufacturing AI infrastructure,medium,http_403,text/html; charset=UTF-8,html,,HTTP 403,,skipped,
603671424ccb,https://www.iea.org/reports/data-centres-and-data-transmission-networks,Data Centres and Data Transmission Networks,iea.org,International,data_center,energy efficiency,IEA data centres and networks,high,http_403,text/html; charset=UTF-8,html,,HTTP 403,,skipped,
5fe6e9b46dce,https://www.iea.org/reports/energy-and-ai,Energy and AI,iea.org,International,AI,energy demand,IEA energy and AI,high,http_403,text/html; charset=UTF-8,html,,HTTP 403,,skipped,
cbc5f0946ae9,https://www.iea.org/reports/energy-and-ai/energy-demand-from-ai,Energy demand from AI,iea.org,International,AI,energy demand,IEA AI electricity demand,high,http_403,text/html; charset=UTF-8,html,,HTTP 403,,skipped,
7a179a48aad8,https://www.iea.org/reports/energy-and-ai/executive-summary,Energy and AI executive summary,iea.org,International,AI,executive summary,IEA AI data center demand,high,http_403,text/html; charset=UTF-8,html,,HTTP 403,,skipped,
f1fd6b517bc5,https://www.iea.org/energy-system/buildings/data-centres-and-data-transmission-networks,Data centres and data transmission networks,iea.org,International,data_center,energy efficiency,IEA data centres networks,high,http_403,text/html; charset=UTF-8,html,,HTTP 403,,skipped,
b4b1a22e2f8f,https://www.iea.org/reports/electricity-2025,Electricity 2025,iea.org,International,power,electricity forecast,IEA electricity 2025,high,http_403,text/html; charset=UTF-8,html,,HTTP 403,,skipped,
9d97589ef8f3,https://www.iea.org/reports/electricity-2024,Electricity 2024,iea.org,International,power,electricity forecast,IEA electricity 2024,high,http_403,text/html; charset=UTF-8,html,,HTTP 403,,skipped,
1014f461952c,https://www.eia.gov/todayinenergy/detail.php?id=67704,Data center server energy use grows,EIA,US,power,data center electricity,EIA data center server electricity use,high,downloaded,text/html; charset=UTF-8,html,downloads/1014f461952c.html,,corpus_text/1014f461952c.txt,extracted,
b41b3f175b32,https://www.eia.gov/todayinenergy/detail.php?id=65564,Commercial computing electricity use,EIA,US,power,commercial computing,EIA computing electricity demand,high,downloaded,text/html; charset=UTF-8,html,downloads/b41b3f175b32.html,,corpus_text/b41b3f175b32.txt,extracted,
ee5a25734c6e,https://www.eia.gov/todayinenergy/detail.php?id=63344,Texas data centers and crypto mining,EIA,US,power,large load,EIA data centers power demand,high,downloaded,text/html; charset=UTF-8,html,downloads/ee5a25734c6e.html,,corpus_text/ee5a25734c6e.txt,extracted,
8b32962b2a0b,https://www.eia.gov/todayinenergy/detail.php?id=65264,US electricity consumption growth,EIA,US,power,electricity demand,EIA electricity growth,high,downloaded,text/html; charset=UTF-8,html,downloads/8b32962b2a0b.html,,corpus_text/8b32962b2a0b.txt,extracted,
d6032ef1f5fa,https://www.eia.gov/outlooks/aeo/,Annual Energy Outlook,EIA,US,power,energy outlook,EIA annual energy outlook,high,downloaded,text/html; charset=UTF-8,html,downloads/d6032ef1f5fa.html,,corpus_text/d6032ef1f5fa.txt,extracted,
7fb89daf4bad,https://www.eia.gov/electricity/monthly/,Electric Power Monthly,EIA,US,power,electricity statistics,EIA electric power monthly,high,downloaded,text/html; charset=UTF-8,html,downloads/7fb89daf4bad.html,,corpus_text/7fb89daf4bad.txt,extracted,
6407c34a43fa,https://www.eia.gov/pressroom/releases/press582.php,EIA electricity demand forecast,EIA,US,power,demand forecast,EIA data center electricity forecast,high,downloaded,text/html; charset=UTF-8,html,downloads/6407c34a43fa.html,,corpus_text/6407c34a43fa.txt,extracted,
7a7c002b17ae,https://www.eia.gov/pressroom/releases/press585.php,EIA data center pilot survey,EIA,US,power,data center survey,EIA data center energy survey,medium,downloaded,text/html; charset=UTF-8,html,downloads/7a7c002b17ae.html,,corpus_text/7a7c002b17ae.txt,extracted,
762bc619ffb4,https://www.energy.gov/articles/doe-releases-new-report-evaluating-increase-electricity-demand-data-centers,DOE report on data center electricity demand,energy.gov,US,power,data center demand,DOE data center electricity demand,high,downloaded,text/html; charset=UTF-8,html,downloads/762bc619ffb4.html,,corpus_text/762bc619ffb4.txt,extracted,
e0665d56b22d,https://www.energy.gov/gdo/grid-deployment-office,Grid Deployment Office,energy.gov,US,power,grid deployment,DOE grid deployment office,high,http_404,text/html; charset=UTF-8,html,,HTTP 404,,skipped,
2636e2bd3619,https://www.energy.gov/gdo/national-transmission-needs-study,National Transmission Needs Study,energy.gov,US,power,transmission,DOE national transmission needs study,high,downloaded,text/html; charset=UTF-8,html,downloads/2636e2bd3619.html,,corpus_text/2636e2bd3619.txt,extracted,
4f08fd858fdb,https://www.energy.gov/oe/office-electricity,Office of Electricity,energy.gov,US,power,grid reliability,DOE office of electricity,high,downloaded,text/html; charset=UTF-8,html,downloads/4f08fd858fdb.html,,corpus_text/4f08fd858fdb.txt,extracted,
905a95498bd4,https://www.energy.gov/eere/amo/advanced-materials-manufacturing-technologies-office,Advanced Materials and Manufacturing Technologies Office,energy.gov,US,manufacturing,advanced manufacturing,DOE advanced manufacturing,medium,http_404,text/html; charset=UTF-8,html,,HTTP 404,,skipped,
d11c3f4039d1,https://eta.lbl.gov/publications,Lawrence Berkeley Lab publications,LBNL,US,data_center,research publications,LBNL data center energy,medium,downloaded,text/html; charset=UTF-8,html,downloads/d11c3f4039d1.html,,corpus_text/d11c3f4039d1.txt,extracted,
a24539908ad3,https://eta-publications.lbl.gov/,LBNL publications portal,LBNL,US,data_center,research portal,LBNL energy publications,medium,downloaded,text/html; charset=UTF-8,html,downloads/a24539908ad3.html,,corpus_text/a24539908ad3.txt,extracted,
38b4de0668e2,https://www.nrel.gov/grid/,NREL grid modernization,NREL,US,power,grid modernization,NREL grid modernization,medium,downloaded,text/html; charset=utf-8,html,downloads/38b4de0668e2.html,,corpus_text/38b4de0668e2.txt,extracted,
e00d00ac8f49,https://www.nrel.gov/research/re-grid-integration.html,NREL grid integration,NREL,US,power,grid integration,NREL grid integration,medium,http_404,text/html; charset=utf-8,html,,HTTP 404,,skipped,
85ee8e554a07,https://www.nist.gov/artificial-intelligence,NIST artificial intelligence,nist.gov,US,AI,standards,NIST AI standards,medium,downloaded,text/html; charset=UTF-8,html,downloads/85ee8e554a07.html,,corpus_text/85ee8e554a07.txt,extracted,
8a86f6609d46,https://www.nist.gov/itl,NIST information technology laboratory,nist.gov,US,AI,IT standards,NIST IT AI infrastructure,medium,downloaded,text/html; charset=UTF-8,html,downloads/8a86f6609d46.html,,corpus_text/8a86f6609d46.txt,extracted,
31f343de2445,https://www.commerce.gov/issues/artificial-intelligence,Commerce artificial intelligence,commerce.gov,US,government,AI policy,Commerce AI policy,medium,http_403,text/html; charset=UTF-8,html,,HTTP 403,,skipped,
fbb10ab4c0a5,https://www.defense.gov/News/Releases/,Department of Defense news releases,defense.gov,US,government,defense AI,DoD AI infrastructure,medium,http_403,text/html,html,,HTTP 403,,skipped,
107413b21894,https://www.cto.mil/ai/,DoD chief digital and artificial intelligence office,cto.mil,US,government,defense AI,DoD CDAO AI,medium,downloaded,text/html; charset=UTF-8,html,downloads/107413b21894.html,,corpus_text/107413b21894.txt,extracted,
dc20dbdefaaf,https://www.whitehouse.gov/briefing-room/statements-releases/,White House statements and releases,whitehouse.gov,US,government,AI policy,White House AI infrastructure,medium,downloaded,text/html; charset=UTF-8,html,downloads/dc20dbdefaaf.html,,corpus_text/dc20dbdefaaf.txt,extracted,
85c85d376585,https://digital-strategy.ec.europa.eu/en/policies/data-centres,EU data centres policy,europa.eu,EU,policy,data centers,EU data center policy,medium,downloaded,text/html; charset=UTF-8,html,downloads/85c85d376585.html,,corpus_text/85c85d376585.txt,extracted,
df6393d58a8d,https://digital-strategy.ec.europa.eu/en/policies/artificial-intelligence,EU artificial intelligence policy,europa.eu,EU,policy,AI regulation,EU AI policy,medium,downloaded,text/html; charset=UTF-8,html,downloads/df6393d58a8d.html,,corpus_text/df6393d58a8d.txt,extracted,
caf61df924ea,https://digital-strategy.ec.europa.eu/en/policies/cloud-computing,EU cloud computing policy,europa.eu,EU,policy,cloud infrastructure,EU cloud computing,medium,downloaded,text/html; charset=UTF-8,html,downloads/caf61df924ea.html,,corpus_text/caf61df924ea.txt,extracted,
8b333de305ab,https://storymaps.arcgis.com/stories/5311a23d5b7c46cdae3e622fb6961e14,What is the Railbelt,arcgis.com,US-Alaska,power,Railbelt overview,Alaska Railbelt overview,medium,downloaded,text/html; charset=utf-8,html,downloads/8b333de305ab.html,,corpus_text/8b333de305ab.txt,extracted,
c587ca38c5d5,https://zenodo.org/records/14908275,Electrifying Alaska Railbelt,zenodo.org,US-Alaska,power,Railbelt research,Alaska Railbelt generation transmission,medium,downloaded,text/html; charset=utf-8,html,downloads/c587ca38c5d5.html,,corpus_text/c587ca38c5d5.txt,extracted,
2e6e48871c6d,https://www.datacenterdynamics.com/en/analysis/,Data Center Dynamics analysis,datacenterdynamics.com,International,data_center,market analysis,data center market analysis,medium,downloaded,text/html; charset=utf-8,html,downloads/2e6e48871c6d.html,,corpus_text/2e6e48871c6d.txt,extracted,
00955f6cf1ac,https://www.datacenterdynamics.com/en/news/,Data Center Dynamics news,datacenterdynamics.com,International,data_center,market news,data center market news,medium,downloaded,text/html; charset=utf-8,html,downloads/00955f6cf1ac.html,,corpus_text/00955f6cf1ac.txt,extracted,
f2ec1da98174,https://uptimeinstitute.com/resources,Uptime Institute resources,uptimeinstitute.com,International,data_center,reliability,Uptime data center resources,medium,downloaded,text/html; charset=utf-8,html,downloads/f2ec1da98174.html,,corpus_text/f2ec1da98174.txt,extracted,
e53e4e19cefc,https://www.cbre.com/insights,CBRE insights,cbre.com,International,data_center,market research,CBRE data center market,medium,downloaded,text/html; charset=utf-8,html,downloads/e53e4e19cefc.html,,corpus_text/e53e4e19cefc.txt,extracted,
6622367474a8,https://www.jll.com/en-us/insights,JLL insights,jll.com,International,data_center,market research,JLL data center market,medium,downloaded,text/html;charset=utf-8,html,downloads/6622367474a8.html,,corpus_text/6622367474a8.txt,extracted,
4e4ac364492d,https://www.coreweave.com/blog,CoreWeave blog,coreweave.com,US,GPU_cloud,GPU cloud,CoreWeave GPU infrastructure,medium,downloaded,text/html; charset=utf-8,html,downloads/4e4ac364492d.html,,corpus_text/4e4ac364492d.txt,extracted,
7b9449746f7a,https://www.crusoe.ai/blog,Crusoe blog,crusoe.ai,US,behind_meter_power,energy compute,Crusoe AI data center power,medium,downloaded,text/html; charset=utf-8,html,downloads/7b9449746f7a.html,,corpus_text/7b9449746f7a.txt,extracted,
06a4d83ba8f0,https://lambdalabs.com/blog,Lambda blog,lambdalabs.com,US,GPU_cloud,GPU cloud,Lambda GPU cloud infrastructure,medium,downloaded,text/html; charset=UTF-8,html,downloads/06a4d83ba8f0.html,,corpus_text/06a4d83ba8f0.txt,extracted,
028b045a4307,https://www.oracle.com/cloud/data-center-regions/,Oracle cloud data center regions,oracle.com,International,data_center,cloud regions,Oracle cloud data centers,medium,http_404,text/html; charset=UTF-8,html,,HTTP 404,,skipped,
4b5786415879,https://aws.amazon.com/about-aws/global-infrastructure/,AWS global infrastructure,aws.amazon.com,International,data_center,cloud infrastructure,AWS data center infrastructure,medium,downloaded,text/html;charset=utf-8,html,downloads/4b5786415879.html,,corpus_text/4b5786415879.txt,extracted,
356f36e6ee58,https://azure.microsoft.com/en-us/explore/global-infrastructure,Microsoft Azure global infrastructure,microsoft.com,International,data_center,cloud infrastructure,Azure data center infrastructure,medium,downloaded,text/html; charset=utf-8,html,downloads/356f36e6ee58.html,,corpus_text/356f36e6ee58.txt,extracted,
c65ca1da3e40,https://cloud.google.com/about/locations,Google Cloud locations,google.com,International,data_center,cloud infrastructure,Google Cloud data centers,medium,downloaded,text/html; charset=utf-8,html,downloads/c65ca1da3e40.html,,corpus_text/c65ca1da3e40.txt,extracted,
8b472f86bd50,https://www.uaf.edu/acep/files/media/ACEP_Railbelt_Decarbonization_Study_Final_Report__ExecutiveSummary.pdf,Alaska Railbelt Decarbonization Study Executive Summary,UAF ACEP,US-Alaska,power,Railbelt executive summary,Alaska Railbelt decarbonization executive summary,high,downloaded,application/pdf,pdf,downloads/8b472f86bd50.pdf,,corpus_text/8b472f86bd50.txt,extracted,
cf5938f0c2b7,https://www.akleg.gov/basis/get_documents.asp?docid=30402&session=33,Railbelt Transmission Generation and Storage,Alaska Legislature,US-Alaska,power,Railbelt transmission investment,Alaska Railbelt transmission generation storage,high,downloaded,application/pdf,pdf,downloads/cf5938f0c2b7.pdf,,corpus_text/cf5938f0c2b7.txt,extracted,
e9845d0118c8,https://www.akenergyauthority.org/What-We-Do/Railbelt-Energy,Railbelt Energy,Alaska Energy Authority,US-Alaska,power,Railbelt energy,Alaska Railbelt energy infrastructure,high,downloaded,text/html; charset=utf-8,html,downloads/e9845d0118c8.html,,corpus_text/e9845d0118c8.txt,extracted,
6b5bef49f471,https://www.akenergyauthority.org/What-We-Do/Railbelt-Energy/Railbelt-Transmission-Organization,Railbelt Transmission Organization,Alaska Energy Authority,US-Alaska,power,Railbelt transmission,Alaska Railbelt transmission organization,high,downloaded,text/html; charset=utf-8,html,downloads/6b5bef49f471.html,,corpus_text/6b5bef49f471.txt,extracted,
6d6a2bc1d89a,https://alaskabeacon.com/2024/01/23/report-alaskas-railbelt-can-shift-to-renewables-but-that-would-require-big-capital-investment/,Alaska Railbelt renewables require capital investment,Alaska Beacon,US-Alaska,power,Railbelt investment,Alaska Railbelt renewable investment,medium,downloaded,text/html; charset=UTF-8,html,downloads/6d6a2bc1d89a.html,,corpus_text/6d6a2bc1d89a.txt,extracted,
431b1e963ac7,https://www.ktoo.org/2024/01/23/report-alaskas-railbelt-can-shift-to-renewables-but-that-would-require-big-capital-investment/,KTOO Alaska Railbelt renewables investment,KTOO,US-Alaska,power,Railbelt investment,Alaska Railbelt renewable investment,medium,downloaded,text/html; charset=UTF-8,html,downloads/431b1e963ac7.html,,corpus_text/431b1e963ac7.txt,extracted,
68e8d7ea48ed,https://akcenter.org/wp-content/uploads/2026/01/Data-Centers-Whitepaper_The-Alaska-Center_January-2026.pdf,Data Centers on Our Terms Alaska Center Whitepaper,The Alaska Center,US-Alaska,data_center,data center policy,Alaska data center policy whitepaper,medium,downloaded,application/pdf,pdf,downloads/68e8d7ea48ed.pdf,,corpus_text/68e8d7ea48ed.txt,extracted,
5d1cbcea1e85,https://alaskabeacon.com/2026/05/14/a-huge-data-center-could-rise-on-alaskas-north-slope/,Huge data center could rise on Alaska North Slope,Alaska Beacon,US-Alaska,data_center,North Slope data center,Alaska North Slope data center investment,medium,downloaded,text/html; charset=UTF-8,html,downloads/5d1cbcea1e85.html,,corpus_text/5d1cbcea1e85.txt,extracted,
d0cd06a291d0,https://www.reuters.com/business/energy/agdc-glenfarne-develop-44-bln-alaska-lng-project-2025-01-10/,AGDC and Glenfarne develop Alaska LNG project,Reuters,US-Alaska,energy_investment,LNG investment,Alaska LNG investment Glenfarne,high,http_401,text/html;charset=utf-8,html,,HTTP 401,,skipped,
73984b6e15ff,https://www.reuters.com/business/energy/japans-jera-inks-lng-offtake-alaskas-44-billion-export-project-2025-09-10/,JERA LNG offtake from Alaska LNG project,Reuters,Japan-Alaska,energy_investment,LNG offtake,Japan JERA Alaska LNG offtake,high,http_401,text/html;charset=utf-8,html,,HTTP 401,,skipped,
3fd6d0b138a6,https://www.reuters.com/sustainability/climate-energy/us-reopens-alaska-wildlife-refuge-oil-gas-development-2025-10-23/,US reopens Alaska wildlife refuge to oil and gas development,Reuters,US-Alaska,energy_investment,oil gas development,Alaska ANWR oil gas development,medium,http_401,text/html;charset=utf-8,html,,HTTP 401,,skipped,
32332112f3c8,https://www.submarinenetworks.com/en/systems/asia-europe-africa/arctic-fiber,Arctic Fiber submarine cable system,Submarine Networks,Arctic,fiber,Arctic fiber,Arctic Fiber Alaska Asia Europe,high,downloaded,text/html; charset=utf-8,html,downloads/32332112f3c8.html,,corpus_text/32332112f3c8.txt,extracted,
e1c4469f6128,https://eprd.pl/wp-content/uploads/2025/02/DPA_Final-Report-on-Arctic-Connectivity-Study-.pdf,Study on benefits and opportunities of Arctic Connectivity,EPRD,Arctic,fiber,Arctic connectivity study,Arctic connectivity investment research,high,downloaded,application/pdf,pdf,downloads/e1c4469f6128.pdf,,corpus_text/e1c4469f6128.txt,extracted,
ea1930d26496,https://arcticeconomiccouncil.com/wp-content/uploads/2022/10/sustainable-investment-opportunities-october-2022-low-res-3.pdf,Sustainable Investment Opportunities in the Arctic,Arctic Economic Council,Arctic,investment,Arctic investment opportunities,Arctic sustainable investment opportunities,high,downloaded,application/pdf,pdf,downloads/ea1930d26496.pdf,,corpus_text/ea1930d26496.txt,extracted,
3e49e1473fca,https://www.arlis.org/,Alaska Resources Library and Information Services,ARLIS,US-Alaska,Arctic,research library,Alaska Arctic research resources,medium,downloaded,text/html; charset=UTF-8,html,downloads/3e49e1473fca.html,,corpus_text/3e49e1473fca.txt,extracted,
12ac715d8650,https://www.alaska.gov/,State of Alaska,State of Alaska,US-Alaska,government,state government,Alaska government infrastructure investment,medium,downloaded,text/html,html,downloads/12ac715d8650.html,,corpus_text/12ac715d8650.txt,extracted,
b8198cb0a6c4,https://www.commerce.alaska.gov/web/,Alaska Department of Commerce Community and Economic Development,Alaska Commerce,US-Alaska,government,economic development,Alaska economic development investment,medium,downloaded,text/html; charset=utf-8,html,downloads/b8198cb0a6c4.html,,corpus_text/b8198cb0a6c4.txt,extracted,
7ebd59282926,https://www.aidea.org/,Alaska Industrial Development and Export Authority,AIDEA,US-Alaska,investment,state investment authority,Alaska investment authority infrastructure,high,downloaded,text/html; charset=utf-8,html,downloads/7ebd59282926.html,,corpus_text/7ebd59282926.txt,extracted,
bab621d5ee73,https://www.agdc.us/,Alaska Gasline Development Corporation,AGDC,US-Alaska,energy_investment,LNG gasline,Alaska gasline development corporation,high,downloaded,text/html; charset=UTF-8,html,downloads/bab621d5ee73.html,,corpus_text/bab621d5ee73.txt,extracted,
26f8fd03087f,https://www.portmackenzie.com/,Port MacKenzie,Port MacKenzie,US-Alaska,manufacturing,industrial port,Port MacKenzie industrial development,medium,downloaded,text/html,html,downloads/26f8fd03087f.html,,corpus_text/26f8fd03087f.txt,extracted,
84e033f9776a,https://www.matsugov.us/projects/port-mackenzie,Port MacKenzie project,Matanuska-Susitna Borough,US-Alaska,manufacturing,industrial development,Port MacKenzie infrastructure investment,medium,failed,,,,"HTTPSConnectionPool(host='www.matsugov.us', port=443): Max retries exceeded with url: /projects/port-mackenzie (Caused by ConnectTimeoutError(<HTTPSConnection(host='www.matsugov.us', port=443) at 0x10a7b5bd0>, 'Connection to www.matsugov.us timed out. (connect timeout=30)'))",,skipped,
73756c3b2f2c,https://www.belfercenter.org/research-analysis/ai-data-centers-us-electric-grid,AI Data Centers and the US Electric Grid,Belfer Center,US,AI,power grid,AI data centers US electric grid,medium,downloaded,text/html; charset=UTF-8,html,downloads/73756c3b2f2c.html,,corpus_text/73756c3b2f2c.txt,extracted,
5a51d5aec35e,https://www.uaf.edu/acep-blog/alaskas-data-center-opportunity-a-reality-check-and-possible-next-steps.php,Alaska data center opportunity reality check,UAF ACEP,US-Alaska,climate_advantage,Alaska data center opportunity,Alaska climate data center cooling advantage,high,downloaded,text/html; charset=UTF-8,html,downloads/5a51d5aec35e.html,,corpus_text/5a51d5aec35e.txt,extracted,
0d8c5a0ac67d,https://www.uaf.edu/acep-blog/can-data-centers-lower-alaskas-high-energy-costs.php,Can data centers lower Alaska high energy costs,UAF ACEP,US-Alaska,climate_advantage,energy cost and data centers,Alaska data centers energy cost,high,downloaded,text/html; charset=UTF-8,html,downloads/0d8c5a0ac67d.html,,corpus_text/0d8c5a0ac67d.txt,extracted,
0009540b061d,https://acep-uaf.github.io/aetr-web-book-2024/2024-Alaska-Electricity-Trends-Report.pdf,2024 Alaska Electricity Trends Report,UAF ACEP,US-Alaska,power,Alaska electricity trends,Alaska electricity trends data center power,high,downloaded,application/pdf,pdf,downloads/0009540b061d.pdf,,corpus_text/0009540b061d.txt,extracted,
8df6d00181ac,https://www.uaf.edu/acep/projects/railbelt-decarbonization.php,Alaska Railbelt decarbonization project,UAF ACEP,US-Alaska,power,Railbelt decarbonization,Alaska Railbelt power research,high,downloaded,text/html; charset=UTF-8,html,downloads/8df6d00181ac.html,,corpus_text/8df6d00181ac.txt,extracted,
72ec6d1131e9,https://www.uaf.edu/acep/files/media/ACEP_Railbelt_Decarbonization_Study_Final_Report.pdf,Alaska Railbelt Electric System Decarbonization Study,UAF ACEP,US-Alaska,power,Railbelt decarbonization,Alaska Railbelt decarbonization report,high,downloaded,application/pdf,pdf,downloads/72ec6d1131e9.pdf,,corpus_text/72ec6d1131e9.txt,extracted,
50b7299283fd,https://docs.nrel.gov/docs/fy24osti/85879.pdf,Achieving an 80 percent Renewable Portfolio in Alaska Railbelt,NREL,US-Alaska,power,renewable portfolio,Alaska Railbelt renewable portfolio research,high,downloaded,application/pdf,pdf,downloads/50b7299283fd.pdf,,corpus_text/50b7299283fd.txt,extracted,
be0cc009c532,https://www.vaisala.com/en/expert-article/arctic-advantage-how-cold-climates-boost-data-center-efficiency-and-sustainability,Arctic advantage cold climates boost data center efficiency,Vaisala,International,cold_climate_cooling,free cooling,Arctic cold climate data center cooling,high,downloaded,text/html; charset=UTF-8,html,downloads/be0cc009c532.html,,corpus_text/be0cc009c532.txt,extracted,
0be70a8386f3,https://datacenters.google/efficiency,Google data center power usage effectiveness,Google,International,energy_efficiency,PUE benchmark,data center PUE efficiency benchmark,medium,downloaded,text/html,html,downloads/0be70a8386f3.html,,corpus_text/0be70a8386f3.txt,extracted,
c6a76f930f4f,https://www.energy.gov/eere/buildings/data-centers-and-servers,Data centers and servers,DOE,US,energy_efficiency,data center efficiency,DOE data center energy efficiency,high,downloaded,text/html; charset=UTF-8,html,downloads/c6a76f930f4f.html,,corpus_text/c6a76f930f4f.txt,extracted,
8f24d3cf9ac7,https://www.nrel.gov/buildings/data-centers.html,NREL data centers,NREL,US,energy_efficiency,data center efficiency,NREL data center energy efficiency,medium,http_404,text/html; charset=utf-8,html,,HTTP 404,,skipped,
9b57c168b20f,https://www.eesi.org/articles/view/data-center-power-demands-are-contributing-to-higher-energy-bills,Data center power demands and energy bills,EESI,US,power,data center power demand,data center power demand consumer impact,medium,downloaded,text/html; charset=UTF-8,html,downloads/9b57c168b20f.html,,corpus_text/9b57c168b20f.txt,extracted,
82cfd07b27bd,https://environmentamerica.org/alaska/center/media-center/release-new-report-details-environmental-consumer-costs-of-data-center-expansion/,Environmental and consumer costs of data center expansion,Environment America Alaska,US-Alaska,climate_risk,data center environmental cost,Alaska data center environmental consumer cost,medium,downloaded,text/html; charset=UTF-8,html,downloads/82cfd07b27bd.html,,corpus_text/82cfd07b27bd.txt,extracted,
24847f995ed0,https://blog.ucs.org/mike-jacobs/data-centers-are-already-increasing-your-energy-bills/,Data centers increasing energy bills,Union of Concerned Scientists,US,power,ratepayer impact,data center energy bill impact,medium,downloaded,text/html; charset=UTF-8,html,downloads/24847f995ed0.html,,corpus_text/24847f995ed0.txt,extracted,
b5bdf0cf88e6,https://www.hcn.org/issues/57-8/the-wests-data-centers-suck-water-and-power/,The West data centers suck water and power,High Country News,US,water_cooling,water and power risk,data center water power risk western US,medium,downloaded,text/html; charset=UTF-8,html,downloads/b5bdf0cf88e6.html,,corpus_text/b5bdf0cf88e6.txt,extracted,
60421c5c33a7,https://digitalpower.huawei.com/en/blogs/pue-data-center,Understanding PUE data center metrics,Huawei Digital Power,International,energy_efficiency,PUE metrics,data center PUE cooling efficiency,medium,downloaded,text/html; charset=utf-8,html,downloads/60421c5c33a7.html,,corpus_text/60421c5c33a7.txt,extracted,
032aa0e90dc3,https://www.wired.com/2011/12/green-data-centers-of-2011,Green data centers and free cooling examples,Wired,International,cold_climate_cooling,free cooling benchmark,free cooling data center benchmark,low,downloaded,text/html; charset=utf-8,html,downloads/032aa0e90dc3.html,,corpus_text/032aa0e90dc3.txt,extracted,
194f94061a15,https://csis-website-prod.s3.amazonaws.com/s3fs-public/legacy_files/files/attachments/150916_Roe_Presentation.pdf,Improving understanding of Arctic environmental change,CSIS,Arctic,climate_risk,Arctic environmental change,Arctic infrastructure climate risk,medium,downloaded,application/pdf,pdf,downloads/194f94061a15.pdf,,corpus_text/194f94061a15.txt,extracted,
e7e8ba9ccd63,https://www.fn-digital.com/data-center,Prudhoe Bay Data Center,Far North Digital,US-Alaska,data_center,North Slope data center,Prudhoe Bay Alaska data center,medium,downloaded,text/html;charset=utf-8,html,downloads/e7e8ba9ccd63.html,,corpus_text/e7e8ba9ccd63.txt,extracted,
da1b8075e269,https://www.thearcticinstitute.org/geopolitics-subsea-cables-arctic/,Geopolitics of Subsea Cables in the Arctic,The Arctic Institute,Arctic,fiber,Arctic subsea cable geopolitics,Arctic subsea cable data center connectivity,high,http_403,text/html; charset=UTF-8,html,,HTTP 403,,skipped,
69e410f2fc4b,https://polarconnect.net/wp-content/uploads/2025/03/D5.3_Vision-2030-whitepaper.pdf,Vision 2030 Arctic submarine cable system,Polar Connect,Arctic,fiber,Arctic cable route,Polar Connect Arctic submarine cable whitepaper,high,downloaded,application/pdf,pdf,downloads/69e410f2fc4b.pdf,,corpus_text/69e410f2fc4b.txt,extracted,
