source_id,title,domain,country,category,subcategory,file_type,file_path,url,summary,keywords,insights,added_at,update_batch,is_new,is_latest_update
c7a41c85,"Energy Analysis & Environmental Impacts Division 2024 United States Data Center Energy Usage Report Arman Shehabi, Sa...",unknown,unknown,AI,,txt,corpus_text/1d4753f5603cdfed_e2f6931cbc.txt,,"Energy Analysis & Environmental Impacts Division 2024 United States Data Center Energy Usage Report Arman Shehabi, Sarah J. Smith, Alex Hubbard, Alex Newkirk, Nuoa Lei, Md Abu Bakar Siddik, Billie Holecek, Jonathan Koomey, Eric Masanet, and Dale Sartor Energy Analysis and Environmental Impacts Division, Lawrence Berkeley National Laboratory December 2024 This work was supported by the DOE Office of Energy Efficiency and Renewable Energy (EERE), Office of Industri","AI, GPU, power, electricity, transmission, cooling, PUE, hyperscale, compute",POWER: power demand; POWER: electricity demand; COOLING: PUE; COOLING: water usage; GOVERNMENT: national security; AI: hyperscale,2026-05-26,initial-import,no,no
d104580a,"ワット・ビット連携 ～今後のデジタルインフラ ～ 2025/11/13 出版 Hiroshi Esaki, Ph.D., Professor, The University of Tokyo Founder, MICHIBIKI Corp.",unknown,unknown,AI,,txt,corpus_text/8b8ab7cfc537e2fa_6bec0f31b8.txt,,"ワット・ビット連携 ～今後のデジタルインフラ ～ 2025/11/13 出版 Hiroshi Esaki, Ph.D., Professor, The University of Tokyo Founder, MICHIBIKI Corp. Vice President, Japan Data Center Council (JDCC) Director, Green Univ. of Tokyo (GUTP) 1 特別編 半導体最前線 2024","AI, GPU, power, electricity, transmission, subsea, fiber, latency, cooling, compute",FIBER: subsea,2026-05-26,initial-import,no,no
85a9771a,"DOE Operator’s Panel ARPA-E COOLERCHIPS Arman Shehabi Staff Scientist Energy Technologies Area Oct 18, 2023 NERSC - S...",unknown,unknown,cooling,,txt,corpus_text/8bb69aadf091c2a0_df9cb3c346.txt,,"DOE Operator’s Panel ARPA-E COOLERCHIPS Arman Shehabi Staff Scientist Energy Technologies Area Oct 18, 2023 NERSC - Shyh Wang Hall - Building 59 - LBNL NERSC - TTM PUE Four-Story 150,000 GSF – Two 20k sf office floors, 300 offices – 28k sf HPC floor – 21.5 MW Service Capacity Energy Efficient – Year-round compressor-","AI, power, cooling, PUE, compute",COOLING: PUE,2026-05-26,initial-import,no,no
bc119271,2025 Data Center Power Report From Gridlock To Growth: How Power Bottlenecks Are Reshaping Data Center Strategies Jan...,unknown,unknown,power,,txt,corpus_text/1af5b441a64a9e48_d8aa952542.txt,,"2025 Data Center Power Report From Gridlock To Growth: How Power Bottlenecks Are Reshaping Data Center Strategies January 2025 Executive Summary The fourth industrial revolution is underway, fueled by rapid advancements in AI and cloud computing. In the US, the rapid deployment of new data center capacity is a strategic priority, but there is a major bottleneck: power availability. Demand for power is only growing, while the electricity grid is aging and new grid projects face permitting an","AI, power, electricity, transmission, cooling, hyperscale",POWER: power demand; AI: hyperscale,2026-05-26,initial-import,no,no
3111e758,"CLEARED For Open Publication Sep 27, 2024 Department of Defense OFFICE OF PREPUBLICATION AND SECURITY REVIEW Executiv...",unknown,unknown,government,,txt,corpus_text/17e59495859ac49d_8e32da3f2c.txt,,"CLEARED For Open Publication Sep 27, 2024 Department of Defense OFFICE OF PREPUBLICATION AND SECURITY REVIEW Executive Summary August 2024 This report is a product of the Defense Science Board (DSB). The DSB is a Federal Advisory Committee established to provide independent advice to the Secretary of Defense. Statements, opinions, conclusions,","AI, power, electricity, fiber, Arctic",GOVERNMENT: critical infrastructure; GOVERNMENT: national security,2026-05-26,initial-import,no,no
5b53eec3,"Sustainable Cooling Technologies for Data Centers IIR, Vice Chair of Air Conditioning (E1) Commission Tsinghua Univer...",unknown,unknown,cooling,,txt,corpus_text/64ad78a52e7acfc1_e4e44a1dbc.txt,,"Sustainable Cooling Technologies for Data Centers IIR, Vice Chair of Air Conditioning (E1) Commission Tsinghua University Baolong WANG 2025.7.7 1 Background 2 Principle Contents 3 Sustainable Cooling Technologies 4 Conclusion 2/27 1 Background","AI, GPU, power, electricity, transmission, cooling, PUE",COOLING: PUE,2026-05-26,initial-import,no,no
d756835a,Enable JavaScript and cookies to continue,ndc.gov.tw,unknown,uncategorized,,txt,corpus_text/https___www.ndc.gov.tw_en_Content_List.aspx_n=E738D6D7DD31163F.txt,https://www.ndc.gov.tw/en/Content/List.aspx/n=E738D6D7DD31163F,Enable JavaScript and cookies to continue,,,2026-05-26,initial-import,no,no
6301e289,"BEIJING, July 24 -- China has unveiled an action plan on the green development of data centers, specifying a set of t...",english.gov.cn,unknown,cooling,,txt,corpus_text/https___english.www.gov.cn_news_202407_24_content_WS66a0b167c6d0868f4e8e96ba.html.txt,https://english.www.gov.cn/news/202407/24/content/WS66a0b167c6d0868f4e8e96ba.html,"BEIJING, July 24 -- China has unveiled an action plan on the green development of data centers, specifying a set of targets to accelerate the low-carbon transition of the sector. By 2025, the average power usage effectiveness (PUE) of data centers, a metric for energy efficiency, will be lowered to less than 1.5, according to the plan jointly issued on Tuesday by the National Development and Reform Commission, the Ministry of Industry and Information Technology and two central bureaus. The plan","AI, power, PUE",COOLING: PUE,2026-05-26,initial-import,no,no
4191dbef,PORT MACKENZIE: UNLEASHING ALASKA’S EXTRAORDINARY RESOURCE POTENTIAL AND INCREASING AMERICAN MINERAL PRODUCTION Ria H...,unknown,unknown,Arctic,,txt,corpus_text/f513d5a2260ce1c5_d4dd59a47d.txt,,"PORT MACKENZIE: UNLEASHING ALASKA’S EXTRAORDINARY RESOURCE POTENTIAL AND INCREASING AMERICAN MINERAL PRODUCTION Ria Hanson, Ted Stevens Center for Arctic Security Studies 19 Sept 2025 Resource development in Alaska, the United States’ portion of the Arctic, is slowed by insufficient transportation and export capacity. The region’s energy, mineral, and maritime assets are of growing strategic importance, but development is hindered by inaccessibility. Recent executive orders by President Tru","AI, power, Arctic",GOVERNMENT: national security,2026-05-26,initial-import,no,no
aa6f7881,Please enable JavaScript to run this application.,op.europa.eu,unknown,uncategorized,,txt,corpus_text/https___op.europa.eu_en_publication-detail_-_publication_83be4c3e-5c79-11f0-a9d0-01aa75ed71a1_language-en.txt,https://op.europa.eu/en/publication-detail/-/publication/83be4c3e-5c79-11f0-a9d0-01aa75ed71a1/language-en,Please enable JavaScript to run this application. An unexpected error occured.,,,2026-05-26,initial-import,no,no
b2f52f66,Best Practices Guide for Energy-Efficient Data Center Design Revised July 2024 Best Practices Guide for Energy-Effici...,unknown,unknown,cooling,,txt,corpus_text/3cb7658889f70999_fdef51bd83.txt,,"Best Practices Guide for Energy-Efficient Data Center Design Revised July 2024 Best Practices Guide for Energy-Efficient Data Center Design Disclaimer This work was prepared as an account of work sponsored by an agency of the United States Government. Neither the United States Government nor any agency thereof, nor any of their employees, nor any of their contractors, subcontractors or their employees, makes any warranty, express or implied, or assumes any legal liability or responsibility","AI, GPU, power, electricity, transmission, cooling, PUE, compute",COOLING: PUE; COOLING: cooling efficiency; COOLING: water usage,2026-05-26,initial-import,no,no
7dbd2ab8,Understanding the Drivers of Rising Electricity Rates and the Role of Data Centers May 2026 Prepared by: Authors & Ac...,unknown,unknown,power,,txt,corpus_text/9aa35d0856cbc889_5cd7f46bcd.txt,,"Understanding the Drivers of Rising Electricity Rates and the Role of Data Centers May 2026 Prepared by: Authors & Acknowledgments Project Team Energy and Environmental Economics, Inc. (E3) is a leading Table of Contents economic consultancy focused on the power sector in North America. For over 30 years, E3’s data driven analysis Authors & Acknowledgments 1 and unbiased recommendations have been utilized acros","AI, GPU, power, electricity, transmission, cooling, PUE, hyperscale",POWER: power demand; POWER: electricity demand; COOLING: PUE; AI: hyperscale,2026-05-26,initial-import,no,no
724b500e,"ELECTRIC GENERATION AND TRANSMISSION ON THE RAILBELT Joe Griffith Chief Executive Officer, ARCTEC Alaska Conference o...",unknown,unknown,power,,txt,corpus_text/803e76b93e3142e7_3188fe6027.txt,,"ELECTRIC GENERATION AND TRANSMISSION ON THE RAILBELT Joe Griffith Chief Executive Officer, ARCTEC Alaska Conference of Mayors Energy Summit Juneau, Alaska February 18, 2014 1 RAILBELT MAKEUP • Electrical utilities are all cooperativ","AI, power, electricity, transmission",,2026-05-26,initial-import,no,no
2d66e87e,"Executive Summary Alaska’s Railbelt Electric System: Decarbonization Scenarios For 2050 Phylicia Cicilio1 , Jeremy Va...",unknown,unknown,power,,txt,corpus_text/8b472f86bd50ee2e_e30f870f2e.txt,,"Executive Summary Alaska’s Railbelt Electric System: Decarbonization Scenarios For 2050 Phylicia Cicilio1 , Jeremy VanderMeer1 , Steve Colt1 , Alexis Francisco1 , Emilia Sakai Hernandez1 , Cameron Morelli1 , Michelle Wilber1 , Chris Pike1 , Derek Stenclik2 , Matthew Richwine2 , Christopher Cox2 , Isabela Anselmo2 , and Kelsey Ciemny2 1 Alaska Center for Energy and Power, University of Al","AI, power, electricity, transmission, Arctic",,2026-05-26,initial-import,no,no
f8327e15,HYP_Link DOE Resources for Data Center Energy Demand Management Jaclyn Ludema and Bob Sorensen September 2024 RECENT...,unknown,unknown,power,,txt,corpus_text/10d65df248f026ea_b080b1a93b.txt,,"HYP_Link DOE Resources for Data Center Energy Demand Management Jaclyn Ludema and Bob Sorensen September 2024 RECENT DEVELOPMENT The U.S. is entering a period of rapid electricity demand growth, driven by power consumptive technologies such as AI, coupled with data center expansion and economic development, including new domestic manufacturing. Electricity demand is expected to grow 15-20% in the next decade and double by 2050. The DOE Office of Policy recently released the blog post - Clean E","AI, power, electricity, cooling, PUE",POWER: electricity demand; COOLING: PUE,2026-05-26,initial-import,no,no
300f9a0b,"Digital Infrastructure Development Plan 2030 June 11, 2025 Digital Infrastructure Development Plan 2030 1  In order...",unknown,unknown,fiber,,txt,corpus_text/0b84f8529ab25218_958dec702f.txt,,"Digital Infrastructure Development Plan 2030 June 11, 2025 Digital Infrastructure Development Plan 2030 1  In order to cope with the diversification and complexity of regional and social issues and to maintain Japan's growth potential under a declining population, it is essential to fully utilize digital technologies, such as generative AI, and digital infrastruct","AI, power, fiber, latency",,2026-05-26,initial-import,no,no
274c0509,Secure and Resilient Cloud Computing for the Department of Defense Nabil A.,unknown,unknown,government,,txt,corpus_text/54f203cf1f4e8eb2_31773299e9.txt,,"Secure and Resilient Cloud Computing for the Department of Defense Nabil A. Schear, Patrick T. Cable, Robert K. Cunningham, Vijay N. Gadepally, Thomas M. Moyer, and Arkady B. Yerukhimovich Cloud computing offers substantial benefits to its users: the ability to store and access » Imagine a military commander who urgently needs a specialized computing","AI, power, latency, compute",GOVERNMENT: national security,2026-05-26,initial-import,no,no
34ed7c3d,GRID DEPLOYMENT OFFICE FA C T S H E E T 2023 NATIONAL TRANSMISSION NEEDS STUDY ALASKA The U.S.,unknown,unknown,power,,txt,corpus_text/08b5ba35facfc7a0_12afe27853.txt,,GRID DEPLOYMENT OFFICE FA C T S H E E T 2023 NATIONAL TRANSMISSION NEEDS STUDY ALASKA The U.S. Department of Energy’s Grid Deployment Office (GDO) released the National Transmission Needs Study (“Needs Study”) in October 2023. The Needs Study is the Department’s triennial state of the grid report. It identifies transmission needs and provides information about current and anticipated future capacity constraints and congestion on the Nation’s electric transmission gr,"AI, power, transmission",,2026-05-26,initial-import,no,no
fe876685,"Renewable Portfolio Standard Assessment for Alaska’s Railbelt Paul Denholm, Marty Schwarz, Elise DeGeorge, Sherry Sto...",unknown,unknown,power,,txt,corpus_text/98b4c3b2ffdb2752_cde50ac014.txt,,"Renewable Portfolio Standard Assessment for Alaska’s Railbelt Paul Denholm, Marty Schwarz, Elise DeGeorge, Sherry Stout, and Nathan Wiltse NREL is a national laboratory of the U.S. Department of Energy Technical Report Office of Energy Efficiency & Renewable Energy NREL/TP-5700-81698 Operated by the Alliance for Sustainable Energy, LLC February 2022 This report is available at no cost from the National Re","AI, power, electricity, transmission, Arctic",POWER: electricity demand,2026-05-26,initial-import,no,no
5204fbf6,2025 public sector report State of AI infrastructure Executive summary While the explosion of interest in AI has spar...,unknown,unknown,AI,,txt,corpus_text/e43df2beb1e954c0_36c563bec2.txt,,"2025 public sector report State of AI infrastructure Executive summary While the explosion of interest in AI has sparked widespread a cloud market undergoing a dramatic shift, where companies experimentation, the focus has now shifted to practical actively investing in AI-powered cloud infrastructure are leading application. Agency leaders are prioritizing ‘how’ over ‘if’— the charge in the AI era. how to integrate, secure, and scale gen AI to deliver sustainable valu","AI, GPU, power, transmission, latency, compute",AI: AI infrastructure,2026-05-26,initial-import,no,no
79da9c01,GRID DEPLOYMENT OFFICE FA C T S H E E T 2023 NATIONAL TRANSMISSION NEEDS STUDY ALASKA The U.S.,unknown,unknown,power,,txt,corpus_text/fc7e2f8f688efdbe_d150b05cb3.txt,,GRID DEPLOYMENT OFFICE FA C T S H E E T 2023 NATIONAL TRANSMISSION NEEDS STUDY ALASKA The U.S. Department of Energy’s Grid Deployment Office (GDO) released the National Transmission Needs Study (“Needs Study”) in October 2023. The Needs Study is the Department’s triennial state of the grid report. The Needs Study identifies transmission needs and provides information about current and anticipated future capacity constraints and congestion on the Nation’s electric tr,"AI, power, transmission",,2026-05-26,initial-import,no,no
0f0e2431,2026 Data Center Power Report When Power Defines Growth: How Power Availability is Reshaping the Data Center Industry...,unknown,unknown,AI,,txt,corpus_text/e2dfab025759ac1c_7b7ae0b589.txt,,"2026 Data Center Power Report When Power Defines Growth: How Power Availability is Reshaping the Data Center Industry January 2026 Executive Summary One year ago, Bloom Energy’s inaugural Data Center Power Report documented an emerging reality: AI- driven compute demand was beginning to outpace the grid’s ability","AI, power, electricity, transmission, latency, cooling, hyperscale, compute",AI: hyperscale; AI: compute demand,2026-05-26,initial-import,no,no
c310ba22,"Evaluating the Impact of Tidal Energy in the Cook Inlet on Alaska’s Railbelt Electrical Grid Marty Schwarz, Ben McGil...",unknown,unknown,power,,txt,corpus_text/1d6851ee35c4752f_23095cbf5f.txt,,"Evaluating the Impact of Tidal Energy in the Cook Inlet on Alaska’s Railbelt Electrical Grid Marty Schwarz, Ben McGilton, Levi Kilcher, Kelly Gjestvang, and Greg Stark National Renewable Energy Laboratory NREL is a national laboratory of the U.S. Department of Energy Technical Report Office of Energy Efficiency & Renewable Energy NREL/TP-5700-85943 Operated by the Alliance for Sustainable Energy, LLC","AI, power, electricity, transmission, subsea, compute",POWER: transmission bottleneck; FIBER: subsea,2026-05-26,initial-import,no,no
7960ed44,Revolutionizing Cyber Resiliency for Military Systems Safeguarding our military systems against current and future so...,unknown,unknown,government,,txt,corpus_text/8f909d64ef60dc3e_ea0482309e.txt,,"Revolutionizing Cyber Resiliency for Military Systems Safeguarding our military systems against current and future software vulnerabilities ""Software is everywhere… Fighting and winning on the next battlefield will depend on DoD's proficiency to rapidly and securely deliver resilient software capabilities."" -- 2022 DoD Software Modernization Strategy Our national security enterprise relies on an aging IT infrastructure supporting countless","AI, power, compute",GOVERNMENT: national security,2026-05-26,initial-import,no,no
4a31f85b,"July 7, 2025 Press Release Electric Power Development Co., Ltd.",unknown,unknown,power,,txt,corpus_text/27d1683db89ed6a3_b22a398627.txt,,"July 7, 2025 Press Release Electric Power Development Co., Ltd. Hitachi, Ltd. J-POWER and Hitachi to Collaborate in Exploring the Construction of J-POWER AI Data Centers Targeting Construction of Sustainable Data Centers Th","AI, power, electricity, transmission, latency",,2026-05-26,initial-import,no,no
f84ccbce,"Datacenter power and energy management: past, present, and future Ricardo Bianchini, Microsoft Azure Christian Belady...",unknown,unknown,hyperscaler,,txt,corpus_text/51171857bec81354_83187f7f66.txt,,"Datacenter power and energy management: past, present, and future Ricardo Bianchini, Microsoft Azure Christian Belady, Microsoft Cloud Operations and Innovation Anand Sivasubramaniam, Penn State University Abstract This paper overviews some of the key past developments in cloud datacenter power and energy management, where we are today, and what the future could be. This topic is gaining enormous, renewed interest in the context of the conflicting needs of the AI revolution and the climate cris","AI, GPU, power, electricity, transmission, latency, cooling, PUE, compute",POWER: power demand; COOLING: PUE,2026-05-26,initial-import,no,no
3eaa6236,China has approved a project involving the construction of eight national computing hubs and plans to build 10 nation...,en.ndrc.gov.cn,unknown,power,,txt,corpus_text/https___en.ndrc.gov.cn_news_mediarusources_202202_t20220218_1315947.html.txt,https://en.ndrc.gov.cn/news/mediarusources/202202/t20220218/1315947.html,"China has approved a project involving the construction of eight national computing hubs and plans to build 10 national-data center clusters, indicating that its strategy to channel more computing resources from the country's eastern regions to its less developed yet resource-rich western regions is in full swing. The project, approved by the National Development and Reform Commission (NDRC) and three other central departments, marks the completion of the overall layout for the national integrat","AI, power, transmission",,2026-05-26,initial-import,no,no
a17d87ce,United States Government Accountability Office Report to Congressional Committees COAST GUARD August 2024 Complete Pe...,unknown,unknown,government,,txt,corpus_text/e32b7232f9842279_656d66de28.txt,,United States Government Accountability Office Report to Congressional Committees COAST GUARD August 2024 Complete Performance and Operational Data Would Better Clarify Arctic Resource Needs GAO-24-106491 August 2024 COAST GUARD,"AI, power, Arctic",GOVERNMENT: national security,2026-05-26,initial-import,no,no
8c7f6637,"Upland Leasing About Miles 0 0.5 1 Port MacKenzie is the only port in Alaska offering wide open space, wi",unknown,unknown,power,,txt,corpus_text/0c7d90e41972c887_40de3e594b.txt,,"Upland Leasing About Miles 0 0.5 1 Port MacKenzie is the only port in Alaska offering wide open space, wi","AI, power",,2026-05-26,initial-import,no,no
47bbcc01,Australian Telecommunications Sector Resilience Profile Keeping Australia connected in an uncertain world SEPTEMBER 2...,unknown,unknown,government,,txt,corpus_text/ab1f67ac3bbccaac_7ff6c13a5a.txt,,"Australian Telecommunications Sector Resilience Profile Keeping Australia connected in an uncertain world SEPTEMBER 2024 AUSTRALIAN TELECOMMUNICATIONS SECTOR RESILIENCE PROFILE About the Tech Policy Design Centre The Tech Policy Design Centre (TPDC) is a nonpartisan, independent research and education organisation at the Australian National University. TPDC’s mission is to shape technology for the long-term benefit of humanity. We work to mature the tech- governance ecosystem in collaborati","AI, power, electricity, transmission, subsea, latency, compute",FIBER: subsea; GOVERNMENT: critical infrastructure; GOVERNMENT: national security,2026-05-26,initial-import,no,no
77ea8d3b,POINT MACKENZIE PORT AND RAIL Scalable Infrastructure for Alaska Resource Development INVESTMENT SNAPSHOT Point MacKe...,unknown,unknown,cooling,,txt,corpus_text/1242fbef0e858c2f_114392cb75.txt,,"POINT MACKENZIE PORT AND RAIL Scalable Infrastructure for Alaska Resource Development INVESTMENT SNAPSHOT Point MacKenzie is an existing deepwater port and industrial area with 9,000 acres of developable land, bulkhead and dock facilities, and established operations supporting construction materials and bulk cargo. It is the only port in Southcentral Alaska capable of scaling to meet long-term demand for critical minerals and energy ex",AI,,2026-05-26,initial-import,no,no
e889d0f8,Oracle Cloud and Technology Ecosystem Comparison of Oracle service providers’ portfolio attractiveness and competitiv...,unknown,unknown,hyperscaler,,txt,corpus_text/a560d8b1fad8b663_5d1260851a.txt,,"Oracle Cloud and Technology Ecosystem Comparison of Oracle service providers’ portfolio attractiveness and competitive differentiators BROCHURE —| —AUGUST 2025 —| —U.S., EUROPE, BRAZIL AND APAC Table of Contents Introduction 03 Contacts for this Study 12 About the Study Quadrants Research 04 Advisor Involvement Definition","AI, power, latency, hyperscale",AI: hyperscale,2026-05-26,initial-import,no,no
51b885b7,Advanced Data Center Energy Opportunities: Cloud and Infrastructure CoP— Data Center Energy and Efficiency With AI Ad...,unknown,unknown,power,,txt,corpus_text/5fa11a8c30859a43_9919fd1488.txt,,"Advanced Data Center Energy Opportunities: Cloud and Infrastructure CoP— Data Center Energy and Efficiency With AI Adoption Otto Van Geet, PE","AI, power, electricity, cooling, PUE, compute",POWER: electricity demand; COOLING: PUE; COOLING: water usage,2026-05-26,initial-import,no,no
ce7d167a,University of Birmingham The “Eastern Data and Western Computing” Initiative in China Contributes to Its Net-Zero Tar...,unknown,unknown,power,,txt,corpus_text/a5d699ab42ab576b_c33986d6e1.txt,,"University of Birmingham The “Eastern Data and Western Computing” Initiative in China Contributes to Its Net-Zero Target Zhang, Ning; Duan, Huabo; Guan, Yuru; Mao, Ruichang; Song, Guanghan; Yang, Jiakuan; Shan, Yuli DOI: 10.1016/j.eng.2024.08.010 License: Creative Commons: Attribution-NonCommercial-NoDerivs (CC BY-NC-ND) Document Version Publisher's PDF, also known as Version of record Citation for published version (Harvard): Zhang, N, Duan, H, Guan, Y, Mao, R, Song, G, Yang, J & Shan, Y 2","AI, power, electricity, transmission, latency, cooling, PUE, compute",COOLING: PUE,2026-05-26,initial-import,no,no
bc1d49d5,1 EXECUTIVE SUMMARY​ 1 INTRODUCTION​ 7 ENHANCING THE RESILIENCE OF THE CABLE ECOSYSTEM​ 11 I.​ Cable Redundancy​ 11 I...,unknown,unknown,government,,txt,corpus_text/0d19c0586e4fe7a5_52e04ad477.txt,,1 EXECUTIVE SUMMARY​ 1 INTRODUCTION​ 7 ENHANCING THE RESILIENCE OF THE CABLE ECOSYSTEM​ 11 I.​ Cable Redundancy​ 11 II.​ Strategy for Cable Routes and Landing Stations​,"AI, power, transmission, subsea, fiber, compute",FIBER: subsea; GOVERNMENT: critical infrastructure; GOVERNMENT: national security,2026-05-26,initial-import,no,no
4c260078,Implementation Plan 2025-2026 for the Arctic Research Plan 2022-2026 Prepared by the Interagency Arctic Research Poli...,unknown,unknown,government,,txt,corpus_text/9e261f100525de32_025ef9cf42.txt,,"Implementation Plan 2025-2026 for the Arctic Research Plan 2022-2026 Prepared by the Interagency Arctic Research Policy Committee of the National Science and Technology Council December 2024, amended May 2025 This page is intentionally left blank. ARCTIC RESEARCH PLAN 2022-2026 IMPLEMENTATION PLAN 2025-2026 About the Office of Scienc","AI, subsea, Arctic",FIBER: subsea; GOVERNMENT: national security,2026-05-26,initial-import,no,no
2c991a42,"As digitalisation accelerates, data centres are a vital and quickly growing infrastructure across Europe and the worl...",energy.ec.europa.eu,unknown,cooling,,txt,corpus_text/https___energy.ec.europa.eu_topics_energy-efficiency_energy-efficiency-targets-directive-and-rules_energy-efficiency-directive_energy-performance-data-centres_en.txt,https://energy.ec.europa.eu/topics/energy-efficiency/energy-efficiency-targets-directive-and-rules/energy-efficiency-dir,"As digitalisation accelerates, data centres are a vital and quickly growing infrastructure across Europe and the world, supporting our ever-growing use of cloud services and storage, AI, streaming services and more. However, their rapidly increasing energy demand is a challenge. They also have a substantial environmental and climate impact, mainly due to their need for large quantities of cooling water and their CO2 emissions, if the energy that fuels them is not decarbonised. Energy-efficient,","AI, electricity, cooling",,2026-05-26,initial-import,no,no
0974c16d,Contents Executive Summary..............................................................................................,unknown,unknown,government,,txt,corpus_text/51ba373ace5b8615_7779d9276e.txt,,Contents Executive Summary.................................................................................................................................................... 2 Introduction................................................................................................................................................................. 3 Defining the Army Unified Network – The Enabler for Multidomain Operatio,"AI, power, compute",GOVERNMENT: critical infrastructure,2026-05-26,initial-import,no,no
5f736a91,Port MacKenzie Master Plan Update Loading Coal on a Super Panamax Ship (June 2010) By Matanuska-Susitna Borough Plann...,unknown,unknown,cooling,,txt,corpus_text/60fe3cfba609b532_fcf3ad07ac.txt,,Port MacKenzie Master Plan Update Loading Coal on a Super Panamax Ship (June 2010) By Matanuska-Susitna Borough Planning and Land Use Department Table of Contents 1. Introduction ...................................................................................................... 1 1.1 Overview ............................................................................,"AI, power, transmission",GOVERNMENT: critical infrastructure,2026-05-26,initial-import,no,no
bdd3eb0c,• • • International Advisory Body on Submarine Cable Resilience Mission: Enhance the resilience of submarine telecomm...,unknown,unknown,fiber,,txt,corpus_text/e7783c47cafc9ed3_1c66b4d4f7.txt,,"• • • International Advisory Body on Submarine Cable Resilience Mission: Enhance the resilience of submarine telecommunications cables, ensuring their role as vital infrastructure for global connectivity. Members (42): Diverse representation from governments, regulatory authorities, industry leaders, submarine cable experts, and international organisations. Working Methods: Combination of in-person (once per year) and virtual meetings, working groups, for an initial two-year term. In",AI,GOVERNMENT: critical infrastructure,2026-05-26,initial-import,no,no
494589d3,Achieving Depth Subsea Telecommunications Cables as Critical Infrastructure C A M I N O KA V A N A G H • J O N A S F...,unknown,unknown,fiber,,txt,corpus_text/03d68355986b44a5_54f3ad4eee.txt,,"Achieving Depth Subsea Telecommunications Cables as Critical Infrastructure C A M I N O KA V A N A G H • J O N A S F R A N K E N • W E N T I N G H E Acknowledgements Support from UNIDIR funders provides the foundation for all of the Institute’s activities. This study was produced by UNIDIR’s Security and Technology Programme (SECTEC), which is supported by the Governments of Czechia, Germany, Italy, the Netherlands, Norway, the Republic of Korea and Switzerland, and by Microsoft. SECTEC’s Cyber","AI, power, transmission, subsea, fiber, latency, Arctic, hyperscale, compute",FIBER: subsea; GOVERNMENT: critical infrastructure; GOVERNMENT: national security; GOVERNMENT: strategic infrastructure; AI: hyperscale,2026-05-26,initial-import,no,no
35db0cc4,2024 United States Data Center Energy Usage Report Dr.,unknown,unknown,power,,txt,corpus_text/84ddf9ddb91958f9_4ae33425ca.txt,,"2024 United States Data Center Energy Usage Report Dr. Sarah J. Smith Midwest Energy Solutions January 30, 2025 Total Data Center Estimates Total electricity use 176 TWh in 2023; modeled range 325-580 TWh in 2028 Server Data Center Estimates Electricity use by server type based on report assumptions Additional considerations • Forecasts are very uncertain o Short timeline (3-4 years) can be based on orders placed for chips, facilities under constructi","AI, electricity",,2026-05-26,initial-import,no,no
d75db1d1,The State of AI Infrastructure 2024 Edition An annual report on trends and developments in AI infrastructure based on...,unknown,unknown,power,,txt,corpus_text/554df8ec25abc7bf_1e29135770.txt,,"The State of AI Infrastructure 2024 Edition An annual report on trends and developments in AI infrastructure based on Microsoft- commissioned surveys conducted by Forrester Consulting and Ipsos. AI is sweeping across industries and transforming the way businesses operate, innovate, and compete. But how are organizations actually using AI today, and what are their plans for the future? What are the main challenges and priorities they face in implementing AI at scale? And what role does infr","AI, GPU, power, latency, compute",AI: AI infrastructure,2026-05-26,initial-import,no,no
491761c6,MINITAB 보조 도구 백서 이 문서는 Minitab 통계 소프트웨어의 보조 도구에서 사용되는 방법과 데이터 검사를 개발하기 위해 Minitab 통계 학자들이 실시한 연구에 대해 설명하는 전체 백서 중 하나입니다.,unknown,unknown,government,,txt,corpus_text/9980e5b9c59f0611_2abfb321a9.txt,,"MINITAB 보조 도구 백서 이 문서는 Minitab 통계 소프트웨어의 보조 도구에서 사용되는 방법과 데이터 검사를 개발하기 위해 Minitab 통계 학자들이 실시한 연구에 대해 설명하는 전체 백서 중 하나입니다. 실험 계획법(DOE) 개요 보조 도구 DOE는 핵심 Minitab에서 사용 가능한 DOE 요소의 일부를 포함하며, 설계를 만들고 분석하는 프로세스를 간소화하는 순차적 실험 프로세스를 사용합니다. 이 프로세스는 설계를 선별하여 가장 중요한 요인을 식별하는 것부터 시작됩니다. 그런 다음, 곡면성을 찾기 위한 고해상도 설계를 제공하고 반응을 최적화하는 요인 설정을 확인하기 위해 사용할 수 있는 최종 모형을 결정합니다. 이 문서에서는 실험 프로세스의 각 단계에 대해 요약합니다. 또한 보조 도구에서 제공할 설계를 결정한 방법에 대해 설명합니다(검정력 역할 포함). 데이터에서 곡면성을 탐지하고 적합화하는 프로세스에 대해서도 설명합니다. 이 문서에서는 데이터를 분석하고 최적",AI,,2026-05-26,initial-import,no,no
aac29cb2,"Data Centers and Their Energy Consumption: Frequently Asked Questions August 26, 2025 Congressional Research Service...",unknown,unknown,power,,txt,corpus_text/c4d366c31ff9a13c_d8fd116a16.txt,,"Data Centers and Their Energy Consumption: Frequently Asked Questions August 26, 2025 Congressional Research Service https://crsreports.congress.gov R48646 SUMMARY R486","AI, GPU, power, electricity, transmission, latency, cooling, PUE, hyperscale, compute",POWER: power demand; COOLING: PUE; AI: hyperscale,2026-05-26,initial-import,no,no
cd502173,Canada’s Arctic: A Strategic Blueprint for Resilient Sovereignty I.,unknown,unknown,government,,txt,corpus_text/c0bb160cbe9c1041_e54fedba08.txt,,"Canada’s Arctic: A Strategic Blueprint for Resilient Sovereignty I. Introduction: The Strategic Imperative Canada stands at a deﬁning moment. The US-led trade war and the strategic neglect of Canadian interests demand a bold reimagining of Canada’s economic and defense posture. This moment is not merely a crisis but a profound opportunity to reclaim strategic sovereignty and global leadership. To reclaim its strategic sovereignty, Canada should weave Arctic sovereignty, digital independence, an","AI, power, Arctic",COOLING: cold climate; GOVERNMENT: critical infrastructure; GOVERNMENT: national security,2026-05-26,initial-import,no,no
05e1628f,CONSORTIUM FOR ELECTRIC RELIABILITY TECHNOLOGY SOLUTIONS (CERTS) U.S.,unknown,unknown,power,,txt,corpus_text/e0e951a1c0d28ca5_7a4e6e5297.txt,,"CONSORTIUM FOR ELECTRIC RELIABILITY TECHNOLOGY SOLUTIONS (CERTS) U.S. Department of Energy Transmission Bottleneck Project Report March 19, 2003 Prepared by Jim Dyer Electric Power Group Page 2 DOE TRANSMISSION BOTTLENECK PROJECT REPORT TABLE OF CONTENTS Executive Summary………………………………………………","AI, power, electricity, transmission",POWER: electricity demand; POWER: transmission bottleneck; GOVERNMENT: national security,2026-05-26,initial-import,no,no
1fdd6f07,Working Document of the NPC Study: Arctic Potential: Realizing the Promise of U.S.,unknown,unknown,fiber,,txt,corpus_text/48b68afabf706bc8_c29b595872.txt,,"Working Document of the NPC Study: Arctic Potential: Realizing the Promise of U.S. Arctic Oil and Gas Resources Made Available March 27, 2015 Paper #7-10 COMMUNICATIONS SOLUTIONS IN THE ARCTIC Prepared for the Technology & Operations Subgroup On March 27, 201","AI, power, fiber, Arctic",,2026-05-26,initial-import,no,no
3b4cc3a9,NATIONAL STRATEGY FOR THE ARCTIC REGION OCTOBER 2022 NATIONAL STRATEGY FOR THE ARCTIC REGION 1 Table of Contents Exec...,unknown,unknown,government,,txt,corpus_text/ca2d3d8123c2653a_dbd4a4be4b.txt,,NATIONAL STRATEGY FOR THE ARCTIC REGION OCTOBER 2022 NATIONAL STRATEGY FOR THE ARCTIC REGION 1 Table of Contents Executive Summary ........................................................................................................................ 3 Introduction: Our Vision for the Arctic .......................................................................................... 5 Changing Conditions in the Arctic ..............................................................,"AI, power, transmission, subsea, Arctic",FIBER: subsea; GOVERNMENT: critical infrastructure; GOVERNMENT: national security,2026-05-26,initial-import,no,no
d54acc76,Coalition for Disaster Resilient Infrastructure EXECUTIVE SUMMARY Global Infrastructure Resilience 2025 Capturing the...,unknown,unknown,government,,txt,corpus_text/37504076ba469a4f_9a813fdfc5.txt,,Coalition for Disaster Resilient Infrastructure EXECUTIVE SUMMARY Global Infrastructure Resilience 2025 Capturing the Resilience Dividend A Biennial Report from the Coalition for Disaster Resilient Infrastructure This Work is a product of the Coalition for Disaster Resilient Infrastructure (CDRI) as part of the second Global Infrastructure Resilience report (GIR 2025) and features external contributions from multiple organizations. The,"AI, power, electricity, transmission, subsea, PUE",FIBER: subsea; COOLING: PUE; GOVERNMENT: critical infrastructure,2026-05-26,initial-import,no,no
14b8c51c,Arctic Report Card 2025 Twenty years of tracking rapid Arctic warming and change DOI: 10.25923/nrzf-j897 M.L.,unknown,unknown,Arctic,,txt,corpus_text/7caca2ddcac0e653_e50eb4fbc5.txt,,"Arctic Report Card 2025 Twenty years of tracking rapid Arctic warming and change DOI: 10.25923/nrzf-j897 M.L. Druckenmiller, R.L. Thoman, and T.A. Moon, Eds. December 2025 Matthew L. Druckenmiller, Richard L. Thoman, Twila A. Moon; Editors Mary Beth Armstrong, Cynthia Garcia; NOAA Coordinating Editors Sandy Lucas; NOAA Federal Advisor arctic.noaa.gov/report-card Ho","AI, power, cooling, Arctic, compute",GOVERNMENT: national security,2026-05-26,initial-import,no,no
960e01ec,In-Confidence Terms of Use: Provider access to Oranga Tamariki client record system (CYRAS).,unknown,unknown,AI,,txt,corpus_text/f991e9104b616f8f_cfff6a9c88.txt,,In-Confidence Terms of Use: Provider access to Oranga Tamariki client record system (CYRAS). Context Oranga Tamariki enables a small number of social service providers to have limited access to its client record system to support Oranga Tamariki work or to work on behalf of Oranga Tamariki. These Terms of Use apply to those social service providers as part of their contract with Oranga Tamariki. Definitions 1 CAPP means CYRAS-Approved Provide,"AI, power",,2026-05-26,initial-import,no,no
d1652280,Promotion of Watt-Bit Collaboration Project to achieve Green Transformation ~World’s first watt-bit collaboration opt...,unknown,unknown,power,,txt,corpus_text/266fc0d814f29ce7_4654cd613c.txt,,"Promotion of Watt-Bit Collaboration Project to achieve Green Transformation ~World’s first watt-bit collaboration optimization model experiment to being at The University of Tokyo campus ~ October 8, 2025 The University of Tokyo TEPCO Power Grid, Inc. The Uni","AI, power, transmission, compute",,2026-05-26,initial-import,no,no
63fffd1b,What is seen and shared in the IT System – a quick overview Gateway in CYRAS and at the DHB 1 How to create a referra...,unknown,unknown,government,,txt,corpus_text/5c1a8a2050548fe6_02f4773b03.txt,,"What is seen and shared in the IT System – a quick overview Gateway in CYRAS and at the DHB 1 How to create a referral on CYRAS • All children entering care must be referred for a Gateway assessment. If the child has been referred to FGC or had already had an FGC, consider if a Gateway referral would be helpful • Check if the child has had a Gateway ref",AI,,2026-05-26,initial-import,no,no
d11c3f4039d1,Lawrence Berkeley Lab publications,LBNL,US,data_center,research publications,txt,corpus_text/d11c3f4039d1.txt,https://eta.lbl.gov/publications,,,,2026-05-26,2026-05-25-alaska-climate-advantage-2,no,no
c587ca38c5d5,Electrifying Alaska Railbelt,zenodo.org,US-Alaska,power,Railbelt research,txt,corpus_text/c587ca38c5d5.txt,https://zenodo.org/records/14908275,,,,2026-05-26,2026-05-25-alaska-climate-advantage,no,no
2cc6ef6a5591,Electricity demand and data centers,EIA,US,power,electricity demand,txt,corpus_text/2cc6ef6a5591.txt,https://www.eia.gov/todayinenergy/detail.php?id=62084,,,,2026-05-26,2026-05-25-alaska-climate-advantage,no,yes
cbc5f0946ae9,Energy demand from AI,iea.org,International,AI,energy demand,txt,corpus_text/cbc5f0946ae9.txt,https://www.iea.org/reports/energy-and-ai/energy-demand-from-ai,,,,2026-05-26,2026-05-25-alaska-climate-advantage,no,yes
7a179a48aad8,Energy and AI executive summary,iea.org,International,AI,executive summary,txt,corpus_text/7a179a48aad8.txt,https://www.iea.org/reports/energy-and-ai/executive-summary,,,,2026-05-26,2026-05-25-alaska-climate-advantage,no,yes
f1fd6b517bc5,Data centres and data transmission networks,iea.org,International,data_center,energy efficiency,txt,corpus_text/f1fd6b517bc5.txt,https://www.iea.org/energy-system/buildings/data-centres-and-data-transmission-networks,,,,2026-05-26,2026-05-25-alaska-climate-advantage,no,yes
b4b1a22e2f8f,Electricity 2025,iea.org,International,power,electricity forecast,txt,corpus_text/b4b1a22e2f8f.txt,https://www.iea.org/reports/electricity-2025,,,,2026-05-26,2026-05-25-alaska-climate-advantage,no,yes
9d97589ef8f3,Electricity 2024,iea.org,International,power,electricity forecast,txt,corpus_text/9d97589ef8f3.txt,https://www.iea.org/reports/electricity-2024,,,,2026-05-26,2026-05-25-alaska-climate-advantage,no,yes
b41b3f175b32,Commercial computing electricity use,EIA,US,power,commercial computing,txt,corpus_text/b41b3f175b32.txt,https://www.eia.gov/todayinenergy/detail.php?id=65564,,,,2026-05-26,2026-05-25-alaska-climate-advantage,no,yes
ee5a25734c6e,Texas data centers and crypto mining,EIA,US,power,large load,txt,corpus_text/ee5a25734c6e.txt,https://www.eia.gov/todayinenergy/detail.php?id=63344,,,,2026-05-26,2026-05-25-alaska-climate-advantage,no,yes
8b32962b2a0b,US electricity consumption growth,EIA,US,power,electricity demand,txt,corpus_text/8b32962b2a0b.txt,https://www.eia.gov/todayinenergy/detail.php?id=65264,,,,2026-05-26,2026-05-25-alaska-climate-advantage,no,yes
d6032ef1f5fa,Annual Energy Outlook,EIA,US,power,energy outlook,txt,corpus_text/d6032ef1f5fa.txt,https://www.eia.gov/outlooks/aeo/,,,,2026-05-26,2026-05-25-alaska-climate-advantage,no,yes
7fb89daf4bad,Electric Power Monthly,EIA,US,power,electricity statistics,txt,corpus_text/7fb89daf4bad.txt,https://www.eia.gov/electricity/monthly/,,,,2026-05-26,2026-05-25-alaska-climate-advantage,no,yes
6407c34a43fa,EIA electricity demand forecast,EIA,US,power,demand forecast,txt,corpus_text/6407c34a43fa.txt,https://www.eia.gov/pressroom/releases/press582.php,,,,2026-05-26,2026-05-25-alaska-climate-advantage,no,yes
7a7c002b17ae,EIA data center pilot survey,EIA,US,power,data center survey,txt,corpus_text/7a7c002b17ae.txt,https://www.eia.gov/pressroom/releases/press585.php,,,,2026-05-26,2026-05-25-alaska-climate-advantage,no,yes
2636e2bd3619,National Transmission Needs Study,energy.gov,US,power,transmission,txt,corpus_text/2636e2bd3619.txt,https://www.energy.gov/gdo/national-transmission-needs-study,,,,2026-05-26,2026-05-25-alaska-climate-advantage,no,yes
4f08fd858fdb,Office of Electricity,energy.gov,US,power,grid reliability,txt,corpus_text/4f08fd858fdb.txt,https://www.energy.gov/oe/office-electricity,,,,2026-05-26,2026-05-25-alaska-climate-advantage,no,yes
a24539908ad3,LBNL publications portal,LBNL,US,data_center,research portal,txt,corpus_text/a24539908ad3.txt,https://eta-publications.lbl.gov/,,,,2026-05-26,2026-05-25-alaska-climate-advantage,no,yes
38b4de0668e2,NREL grid modernization,NREL,US,power,grid modernization,txt,corpus_text/38b4de0668e2.txt,https://www.nrel.gov/grid/,,,,2026-05-26,2026-05-25-alaska-climate-advantage,no,yes
85ee8e554a07,NIST artificial intelligence,nist.gov,US,AI,standards,txt,corpus_text/85ee8e554a07.txt,https://www.nist.gov/artificial-intelligence,,,,2026-05-26,2026-05-25-alaska-climate-advantage,no,yes
8a86f6609d46,NIST information technology laboratory,nist.gov,US,AI,IT standards,txt,corpus_text/8a86f6609d46.txt,https://www.nist.gov/itl,,,,2026-05-26,2026-05-25-alaska-climate-advantage,no,yes
107413b21894,DoD chief digital and artificial intelligence office,cto.mil,US,government,defense AI,txt,corpus_text/107413b21894.txt,https://www.cto.mil/ai/,,,,2026-05-26,2026-05-25-alaska-climate-advantage,no,yes
dc20dbdefaaf,White House statements and releases,whitehouse.gov,US,government,AI policy,txt,corpus_text/dc20dbdefaaf.txt,https://www.whitehouse.gov/briefing-room/statements-releases/,,,,2026-05-26,2026-05-25-alaska-climate-advantage,no,yes
85c85d376585,EU data centres policy,europa.eu,EU,policy,data centers,txt,corpus_text/85c85d376585.txt,https://digital-strategy.ec.europa.eu/en/policies/data-centres,,,,2026-05-26,2026-05-25-alaska-climate-advantage,no,yes
df6393d58a8d,EU artificial intelligence policy,europa.eu,EU,policy,AI regulation,txt,corpus_text/df6393d58a8d.txt,https://digital-strategy.ec.europa.eu/en/policies/artificial-intelligence,,,,2026-05-26,2026-05-25-alaska-climate-advantage,no,yes
caf61df924ea,EU cloud computing policy,europa.eu,EU,policy,cloud infrastructure,txt,corpus_text/caf61df924ea.txt,https://digital-strategy.ec.europa.eu/en/policies/cloud-computing,,,,2026-05-26,2026-05-25-alaska-climate-advantage,no,yes
8b333de305ab,What is the Railbelt,arcgis.com,US-Alaska,power,Railbelt overview,txt,corpus_text/8b333de305ab.txt,https://storymaps.arcgis.com/stories/5311a23d5b7c46cdae3e622fb6961e14,,,,2026-05-26,2026-05-25-alaska-climate-advantage,no,yes
f2ec1da98174,Uptime Institute resources,uptimeinstitute.com,International,data_center,reliability,txt,corpus_text/f2ec1da98174.txt,https://uptimeinstitute.com/resources,,,,2026-05-26,2026-05-25-alaska-climate-advantage,no,yes
e53e4e19cefc,CBRE insights,cbre.com,International,data_center,market research,txt,corpus_text/e53e4e19cefc.txt,https://www.cbre.com/insights,,,,2026-05-26,2026-05-25-alaska-climate-advantage,no,yes
6622367474a8,JLL insights,jll.com,International,data_center,market research,txt,corpus_text/6622367474a8.txt,https://www.jll.com/en-us/insights,,,,2026-05-26,2026-05-25-alaska-climate-advantage,no,yes
8b472f86bd50,Alaska Railbelt Decarbonization Study Executive Summary,UAF ACEP,US-Alaska,power,Railbelt executive summary,txt,corpus_text/8b472f86bd50.txt,https://www.uaf.edu/acep/files/media/ACEP_Railbelt_Decarbonization_Study_Final_Report__ExecutiveSummary.pdf,,,,2026-05-26,2026-05-25-alaska-climate-advantage,no,yes
cf5938f0c2b7,Railbelt Transmission Generation and Storage,Alaska Legislature,US-Alaska,power,Railbelt transmission investment,txt,corpus_text/cf5938f0c2b7.txt,https://www.akleg.gov/basis/get_documents.asp?docid=30402&session=33,,,,2026-05-26,2026-05-25-alaska-climate-advantage,no,yes
e9845d0118c8,Railbelt Energy,Alaska Energy Authority,US-Alaska,power,Railbelt energy,txt,corpus_text/e9845d0118c8.txt,https://www.akenergyauthority.org/What-We-Do/Railbelt-Energy,,,,2026-05-26,2026-05-25-alaska-climate-advantage,no,yes
6b5bef49f471,Railbelt Transmission Organization,Alaska Energy Authority,US-Alaska,power,Railbelt transmission,txt,corpus_text/6b5bef49f471.txt,https://www.akenergyauthority.org/What-We-Do/Railbelt-Energy/Railbelt-Transmission-Organization,,,,2026-05-26,2026-05-25-alaska-climate-advantage,no,yes
6d6a2bc1d89a,Alaska Railbelt renewables require capital investment,Alaska Beacon,US-Alaska,power,Railbelt investment,txt,corpus_text/6d6a2bc1d89a.txt,https://alaskabeacon.com/2024/01/23/report-alaskas-railbelt-can-shift-to-renewables-but-that-would-require-big-capital-investment/,,,,2026-05-26,2026-05-25-alaska-climate-advantage,no,yes
431b1e963ac7,KTOO Alaska Railbelt renewables investment,KTOO,US-Alaska,power,Railbelt investment,txt,corpus_text/431b1e963ac7.txt,https://www.ktoo.org/2024/01/23/report-alaskas-railbelt-can-shift-to-renewables-but-that-would-require-big-capital-investment/,,,,2026-05-26,2026-05-25-alaska-climate-advantage,no,yes
68e8d7ea48ed,Data Centers on Our Terms Alaska Center Whitepaper,The Alaska Center,US-Alaska,data_center,data center policy,txt,corpus_text/68e8d7ea48ed.txt,https://akcenter.org/wp-content/uploads/2026/01/Data-Centers-Whitepaper_The-Alaska-Center_January-2026.pdf,,,,2026-05-26,2026-05-25-alaska-climate-advantage,no,yes
5d1cbcea1e85,Huge data center could rise on Alaska North Slope,Alaska Beacon,US-Alaska,data_center,North Slope data center,txt,corpus_text/5d1cbcea1e85.txt,https://alaskabeacon.com/2026/05/14/a-huge-data-center-could-rise-on-alaskas-north-slope/,,,,2026-05-26,2026-05-25-alaska-climate-advantage,no,yes
32332112f3c8,Arctic Fiber submarine cable system,Submarine Networks,Arctic,fiber,Arctic fiber,txt,corpus_text/32332112f3c8.txt,https://www.submarinenetworks.com/en/systems/asia-europe-africa/arctic-fiber,,,,2026-05-26,2026-05-25-alaska-climate-advantage,no,yes
ea1930d26496,Sustainable Investment Opportunities in the Arctic,Arctic Economic Council,Arctic,investment,Arctic investment opportunities,txt,corpus_text/ea1930d26496.txt,https://arcticeconomiccouncil.com/wp-content/uploads/2022/10/sustainable-investment-opportunities-october-2022-low-res-3.pdf,,,,2026-05-26,2026-05-25-alaska-climate-advantage,no,yes
3e49e1473fca,Alaska Resources Library and Information Services,ARLIS,US-Alaska,Arctic,research library,txt,corpus_text/3e49e1473fca.txt,https://www.arlis.org/,,,,2026-05-26,2026-05-25-alaska-climate-advantage,no,yes
12ac715d8650,State of Alaska,State of Alaska,US-Alaska,government,state government,txt,corpus_text/12ac715d8650.txt,https://www.alaska.gov/,,,,2026-05-26,2026-05-25-alaska-climate-advantage,no,yes
b8198cb0a6c4,Alaska Department of Commerce Community and Economic Development,Alaska Commerce,US-Alaska,government,economic development,txt,corpus_text/b8198cb0a6c4.txt,https://www.commerce.alaska.gov/web/,,,,2026-05-26,2026-05-25-alaska-climate-advantage,no,yes
7ebd59282926,Alaska Industrial Development and Export Authority,AIDEA,US-Alaska,investment,state investment authority,txt,corpus_text/7ebd59282926.txt,https://www.aidea.org/,,,,2026-05-26,2026-05-25-alaska-climate-advantage,no,yes
bab621d5ee73,Alaska Gasline Development Corporation,AGDC,US-Alaska,energy_investment,LNG gasline,txt,corpus_text/bab621d5ee73.txt,https://www.agdc.us/,,,,2026-05-26,2026-05-25-alaska-climate-advantage,no,yes
26f8fd03087f,Port MacKenzie,Port MacKenzie,US-Alaska,manufacturing,industrial port,txt,corpus_text/26f8fd03087f.txt,https://www.portmackenzie.com/,,,,2026-05-26,2026-05-25-alaska-climate-advantage,no,yes
73756c3b2f2c,AI Data Centers and the US Electric Grid,Belfer Center,US,AI,power grid,txt,corpus_text/73756c3b2f2c.txt,https://www.belfercenter.org/research-analysis/ai-data-centers-us-electric-grid,,,,2026-05-26,2026-05-25-alaska-climate-advantage,no,yes
5a51d5aec35e,Alaska data center opportunity reality check,UAF ACEP,US-Alaska,climate_advantage,Alaska data center opportunity,txt,corpus_text/5a51d5aec35e.txt,https://www.uaf.edu/acep-blog/alaskas-data-center-opportunity-a-reality-check-and-possible-next-steps.php,,,,2026-05-26,2026-05-25-alaska-climate-advantage,no,yes
0d8c5a0ac67d,Can data centers lower Alaska high energy costs,UAF ACEP,US-Alaska,climate_advantage,energy cost and data centers,txt,corpus_text/0d8c5a0ac67d.txt,https://www.uaf.edu/acep-blog/can-data-centers-lower-alaskas-high-energy-costs.php,,,,2026-05-26,2026-05-25-alaska-climate-advantage,no,yes
0009540b061d,2024 Alaska Electricity Trends Report,UAF ACEP,US-Alaska,power,Alaska electricity trends,txt,corpus_text/0009540b061d.txt,https://acep-uaf.github.io/aetr-web-book-2024/2024-Alaska-Electricity-Trends-Report.pdf,,,,2026-05-26,2026-05-25-alaska-climate-advantage-2,no,yes
8df6d00181ac,Alaska Railbelt decarbonization project,UAF ACEP,US-Alaska,power,Railbelt decarbonization,txt,corpus_text/8df6d00181ac.txt,https://www.uaf.edu/acep/projects/railbelt-decarbonization.php,,,,2026-05-26,2026-05-25-alaska-climate-advantage,no,yes
72ec6d1131e9,Alaska Railbelt Electric System Decarbonization Study,UAF ACEP,US-Alaska,power,Railbelt decarbonization,txt,corpus_text/72ec6d1131e9.txt,https://www.uaf.edu/acep/files/media/ACEP_Railbelt_Decarbonization_Study_Final_Report.pdf,,,,2026-05-26,2026-05-25-alaska-climate-advantage,no,yes
50b7299283fd,Achieving an 80 percent Renewable Portfolio in Alaska Railbelt,NREL,US-Alaska,power,renewable portfolio,txt,corpus_text/50b7299283fd.txt,https://docs.nrel.gov/docs/fy24osti/85879.pdf,,,,2026-05-26,2026-05-25-alaska-climate-advantage,no,yes
be0cc009c532,Arctic advantage cold climates boost data center efficiency,Vaisala,International,cold_climate_cooling,free cooling,txt,corpus_text/be0cc009c532.txt,https://www.vaisala.com/en/expert-article/arctic-advantage-how-cold-climates-boost-data-center-efficiency-and-sustainability,,,,2026-05-26,2026-05-25-alaska-climate-advantage-2,no,yes
0be70a8386f3,Google data center power usage effectiveness,Google,International,energy_efficiency,PUE benchmark,txt,corpus_text/0be70a8386f3.txt,https://datacenters.google/efficiency,,,,2026-05-26,2026-05-25-alaska-climate-advantage-2,no,yes
c6a76f930f4f,Data centers and servers,DOE,US,energy_efficiency,data center efficiency,txt,corpus_text/c6a76f930f4f.txt,https://www.energy.gov/eere/buildings/data-centers-and-servers,,,,2026-05-26,2026-05-25-alaska-climate-advantage,no,yes
9b57c168b20f,Data center power demands and energy bills,EESI,US,power,data center power demand,txt,corpus_text/9b57c168b20f.txt,https://www.eesi.org/articles/view/data-center-power-demands-are-contributing-to-higher-energy-bills,,,,2026-05-26,2026-05-25-alaska-climate-advantage-2,no,yes
82cfd07b27bd,Environmental and consumer costs of data center expansion,Environment America Alaska,US-Alaska,climate_risk,data center environmental cost,txt,corpus_text/82cfd07b27bd.txt,https://environmentamerica.org/alaska/center/media-center/release-new-report-details-environmental-consumer-costs-of-data-center-expansion/,,,,2026-05-26,2026-05-25-alaska-climate-advantage-2,no,yes
24847f995ed0,Data centers increasing energy bills,Union of Concerned Scientists,US,power,ratepayer impact,txt,corpus_text/24847f995ed0.txt,https://blog.ucs.org/mike-jacobs/data-centers-are-already-increasing-your-energy-bills/,,,,2026-05-26,2026-05-25-alaska-climate-advantage-2,no,yes
b5bdf0cf88e6,The West data centers suck water and power,High Country News,US,water_cooling,water and power risk,txt,corpus_text/b5bdf0cf88e6.txt,https://www.hcn.org/issues/57-8/the-wests-data-centers-suck-water-and-power/,,,,2026-05-26,2026-05-25-alaska-climate-advantage-2,no,yes
60421c5c33a7,Understanding PUE data center metrics,Huawei Digital Power,International,energy_efficiency,PUE metrics,txt,corpus_text/60421c5c33a7.txt,https://digitalpower.huawei.com/en/blogs/pue-data-center,,,,2026-05-26,2026-05-25-alaska-climate-advantage-2,no,yes
032aa0e90dc3,Green data centers and free cooling examples,Wired,International,cold_climate_cooling,free cooling benchmark,txt,corpus_text/032aa0e90dc3.txt,https://www.wired.com/2011/12/green-data-centers-of-2011,,,,2026-05-26,2026-05-25-alaska-climate-advantage-2,no,yes
194f94061a15,Improving understanding of Arctic environmental change,CSIS,Arctic,climate_risk,Arctic environmental change,txt,corpus_text/194f94061a15.txt,https://csis-website-prod.s3.amazonaws.com/s3fs-public/legacy_files/files/attachments/150916_Roe_Presentation.pdf,,,,2026-05-26,2026-05-25-alaska-climate-advantage-2,no,yes
e7e8ba9ccd63,Prudhoe Bay Data Center,Far North Digital,US-Alaska,data_center,North Slope data center,txt,corpus_text/e7e8ba9ccd63.txt,https://www.fn-digital.com/data-center,,,,2026-05-26,2026-05-25-alaska-climate-advantage-2,no,yes
f8ccf3888766,Undersea cables and digital sovereignty PDF,Carnegie Endowment,Global,regulatory_security,subsea cable security,txt,corpus_text/f8ccf3888766.txt,https://assets.carnegieendowment.org/static/files/Noor_Undersea%20Cables.pdf,,,,2026-05-27,2026-05-25-service-model-apac-targets,yes,yes
69e410f2fc4b,Vision 2030 Arctic submarine cable system,Polar Connect,Arctic,subsea_telecom_partnership,Arctic connectivity,txt,corpus_text/69e410f2fc4b.txt,https://polarconnect.net/wp-content/uploads/2025/03/D5.3_Vision-2030-whitepaper.pdf,,,,2026-05-26,2026-05-25-alaska-climate-advantage,no,yes
e1c4469f6128,Study on benefits and opportunities of Arctic Connectivity,EPRD,Arctic,subsea_telecom_partnership,Arctic connectivity study,txt,corpus_text/e1c4469f6128.txt,https://eprd.pl/wp-content/uploads/2025/02/DPA_Final-Report-on-Arctic-Connectivity-Study-.pdf,,,,2026-05-26,2026-05-25-alaska-climate-advantage,no,yes
b822f452abc9,AWS Direct Connect,AWS,Global,cloud_interconnect,cloud interconnect,txt,corpus_text/b822f452abc9.txt,https://aws.amazon.com/directconnect/,,,,2026-05-27,2026-05-25-service-model-apac-targets,yes,yes
42a7a7fef571,Azure ExpressRoute,Microsoft,Global,cloud_interconnect,cloud interconnect,txt,corpus_text/42a7a7fef571.txt,https://azure.microsoft.com/en-us/products/expressroute,,,,2026-05-27,2026-05-25-service-model-apac-targets,yes,yes
8f89fb2094f9,Google Cloud Interconnect,Google Cloud,Global,cloud_interconnect,cloud interconnect,txt,corpus_text/8f89fb2094f9.txt,https://cloud.google.com/network-connectivity/docs/interconnect,,,,2026-05-27,2026-05-25-service-model-apac-targets,yes,yes
4b5786415879,AWS Global Infrastructure,AWS,Global,hyperscaler_partnership,global cloud infrastructure,txt,corpus_text/4b5786415879.txt,https://aws.amazon.com/about-aws/global-infrastructure/,,,,2026-05-26,2026-05-25-alaska-climate-advantage,no,yes
356f36e6ee58,Microsoft Azure Global Infrastructure,Microsoft,Global,hyperscaler_partnership,global cloud infrastructure,txt,corpus_text/356f36e6ee58.txt,https://azure.microsoft.com/en-us/explore/global-infrastructure,,,,2026-05-26,2026-05-25-alaska-climate-advantage,no,yes
c65ca1da3e40,Google Cloud Locations,Google Cloud,Global,hyperscaler_partnership,cloud regions,txt,corpus_text/c65ca1da3e40.txt,https://cloud.google.com/about/locations,,,,2026-05-26,2026-05-25-alaska-climate-advantage,no,yes
4e4ac364492d,CoreWeave Blog,CoreWeave,US,GPU_cloud,GPU cloud,txt,corpus_text/4e4ac364492d.txt,https://www.coreweave.com/blog,,,,2026-05-26,2026-05-25-alaska-climate-advantage,no,yes
7b9449746f7a,Crusoe Blog,Crusoe,US,behind_meter_power,energy compute,txt,corpus_text/7b9449746f7a.txt,https://www.crusoe.ai/blog,,,,2026-05-26,2026-05-25-alaska-climate-advantage,no,yes
06a4d83ba8f0,Lambda Blog,Lambda Labs,US,GPU_cloud,GPU cloud,txt,corpus_text/06a4d83ba8f0.txt,https://lambdalabs.com/blog,,,,2026-05-26,2026-05-25-alaska-climate-advantage,no,yes
1c2cc8ac2431,Sakura Internet GPU cloud investment,Sakura Internet,Japan,apac_customer_target,GPU cloud,txt,corpus_text/1c2cc8ac2431.txt,https://www.sakura.ad.jp/en/corporate/newsreleases/2024/09/02/1968218202/,,,,2026-05-27,2026-05-25-service-model-apac-targets,yes,yes
071e91697512,SoftBank AI computing infrastructure initiative,SoftBank,Japan,apac_customer_target,AI infrastructure,txt,corpus_text/071e91697512.txt,https://www.softbank.jp/en/corp/news/press/sbkk/2024/20240626_01/,,,,2026-05-27,2026-05-25-service-model-apac-targets,yes,yes
455aa34b4de2,KT Cloud GPU service,KT Cloud,Korea,apac_customer_target,Korean GPU cloud,txt,corpus_text/455aa34b4de2.txt,https://cloud.kt.com/portal/user-guide/education-edu-gpu-intro,,,,2026-05-27,2026-05-25-service-model-apac-targets,yes,yes
66f03cb18686,The Asia Data Centre Landscape,KPMG,Asia,asia_enterprise_na_expansion,APAC data center market,txt,corpus_text/66f03cb18686.txt,https://www.kpmg.com/cn/en/home/insights/2025/03/the-asia-data-centre-landscape.html,,,,2026-05-27,2026-05-25-service-model-apac-targets,yes,yes
3c03486cc83a,Asia Pacific Data Center Colocation Market,MarketsandMarkets,Asia,asia_enterprise_na_expansion,APAC colocation market,txt,corpus_text/3c03486cc83a.txt,https://www.marketsandmarkets.com/PressReleases/asia-pacific-data-center-colocation.asp,,,,2026-05-27,2026-05-25-service-model-apac-targets,yes,yes
f8ba23565aba,Asia Pacific Data Center Market,Mordor Intelligence,Asia,asia_enterprise_na_expansion,APAC data center market,txt,corpus_text/f8ba23565aba.txt,https://www.mordorintelligence.com/industry-reports/asia-pacific-data-center-market,,,,2026-05-27,2026-05-25-service-model-apac-targets,yes,yes
29fe66b8d80d,Uptime Institute Resources,Uptime Institute,Global,latency_workload_fit,data center operations,txt,corpus_text/29fe66b8d80d.txt,https://www.uptimeinstitute.com/resources,,,,2026-05-27,2026-05-25-service-model-apac-targets,yes,yes
2e6e48871c6d,Data Center Dynamics Analysis,Data Center Dynamics,Global,hyperscaler_partnership,data center market analysis,txt,corpus_text/2e6e48871c6d.txt,https://www.datacenterdynamics.com/en/analysis/,,,,2026-05-26,2026-05-25-alaska-climate-advantage,no,yes
00955f6cf1ac,Data Center Dynamics News,Data Center Dynamics,Global,hyperscaler_partnership,data center market news,txt,corpus_text/00955f6cf1ac.txt,https://www.datacenterdynamics.com/en/news/,,,,2026-05-26,2026-05-25-alaska-climate-advantage,no,yes
03a76a42c47f,What is edge computing,IBM,Global,latency_workload_fit,edge computing,txt,corpus_text/03a76a42c47f.txt,https://www.ibm.com/think/topics/edge-computing,,,,2026-05-27,2026-05-25-service-model-apac-targets,yes,yes
cdb7658bf6cb,Siemens Industrial Edge,Siemens,Global,manufacturing_data_workload,industrial edge,txt,corpus_text/cdb7658bf6cb.txt,https://www.siemens.com/global/en/products/automation/topic-areas/industrial-edge.html,,,,2026-05-27,2026-05-25-service-model-apac-targets,yes,yes
a1449678e161,Microsoft Cloud for Manufacturing,Microsoft,Global,manufacturing_data_workload,manufacturing cloud,txt,corpus_text/a1449678e161.txt,https://www.microsoft.com/en-us/industry/manufacturing/microsoft-cloud-for-manufacturing,,,,2026-05-27,2026-05-25-service-model-apac-targets,yes,yes
a00a8ab6537b,Google Cloud Manufacturing Solutions,Google Cloud,Global,manufacturing_data_workload,manufacturing cloud,txt,corpus_text/a00a8ab6537b.txt,https://cloud.google.com/solutions/manufacturing,,,,2026-05-27,2026-05-25-service-model-apac-targets,yes,yes
ac2ef079fae4,AWS for Industrial and Manufacturing,AWS,Global,manufacturing_data_workload,manufacturing cloud,txt,corpus_text/ac2ef079fae4.txt,https://aws.amazon.com/manufacturing/,,,,2026-05-27,2026-05-25-service-model-apac-targets,yes,yes
762bc619ffb4,DOE data center electricity demand report,DOE,US,hyperscaler_partnership,power demand,txt,corpus_text/762bc619ffb4.txt,https://www.energy.gov/articles/doe-releases-new-report-evaluating-increase-electricity-demand-data-centers,,,,2026-05-26,2026-05-25-alaska-climate-advantage,no,yes
5fe6e9b46dce,Energy and AI,IEA,Global,hyperscaler_partnership,AI energy demand,txt,corpus_text/5fe6e9b46dce.txt,https://www.iea.org/reports/energy-and-ai,,,,2026-05-26,2026-05-25-alaska-climate-advantage,no,yes
1014f461952c,EIA data center server electricity use,EIA,US,hyperscaler_partnership,power demand,txt,corpus_text/1014f461952c.txt,https://www.eia.gov/todayinenergy/detail.php?id=67704,,,,2026-05-26,2026-05-25-alaska-climate-advantage,no,yes
